{"cameraMode":{"drawMode":0,"name":"Shaded","section":"Shading Mode"},"sceneLighting":true,"audioPlay":false,"sceneViewState":{"showFog":true,"showMaterialUpdate":false,"showSkybox":true,"showFlares":true,"showImageEffects":true,"showParticleSystems":true},"in2DMode":false,"pivot":{"x":-2.100761890411377,"y":15.19742202758789,"z":8.15416145324707},"rotation":{"x":0.12403959780931473,"y":-0.565471887588501,"z":0.08651001006364823,"w":0.8107845783233643},"size":31.519153594970704,"orthographic":false}